{
  "required": true,
  "minVersion": "0.8",
  "package": "me.nullpoint.asm",
  "compatibilityLevel": "JAVA_17",
  "client": [
    "accessors.IClientWorld",
    "accessors.IEntity",
    "accessors.IEntityVelocityUpdateS2CPacket",
    "accessors.IExplosion",
    "accessors.IExplosionS2CPacket",
    "accessors.IHeldItemRenderer",
    "accessors.ILivingEntity",
    "accessors.IMinecraftClient",
    "accessors.IPlayerMoveC2SPacket",
    "accessors.IPlayerPositionLookS2CPacket",
    "accessors.IPostProcessShader",
    "accessors.IUpdateSelectedSlotS2CPacket",
    "accessors.IVec3d",
    "mixins.MixinAbstractHorseEntity",
    "mixins.MixinTitleScreen",
    "mixins.MixinArmorFeatureRenderer",
    "mixins.MixinBackgroundRenderer",
    "mixins.MixinBlock",
    "mixins.MixinBlockBreakingInfo",
    "mixins.MixinBoatEntity",
    "mixins.MixinCamera",
    "mixins.MixinChatHud",
    "mixins.MixinChatHudLine",
    "mixins.MixinChatHudLineVisible",
    "mixins.MixinChatInputSuggestor",
    "mixins.MixinChatMessages",
    "mixins.MixinClientCommonNetworkHandler",
    "mixins.MixinClientConnection",
    "mixins.MixinClientPlayerEntity",
    "mixins.MixinClientPlayerInteractionManager",
    "mixins.MixinClientPlayNetworkHandler",
    "mixins.MixinClientWorld",
    "mixins.MixinEndCrystalEntityRenderer",
    "mixins.MixinEntity",
    "mixins.MixinEntityRenderer",
    "mixins.MixinFlowableFluid",
    "mixins.MixinGameRenderer",
    "mixins.MixinHandledScreen",
    "mixins.MixinHeldItemRenderer",
    "mixins.MixinInGameHud",
    "mixins.MixinInGameOverlayRenderer",
    "mixins.MixinKeyboard",
    "mixins.MixinKeyboardInput",
    "mixins.MixinLightmapTextureManager",
    "mixins.MixinLivingEntity",
    "mixins.MixinLivingEntityRenderer",
    "mixins.MixinMinecraftClient",
    "mixins.MixinMouse",
    "mixins.MixinMultiplayerScreen",
    "mixins.MixinParticle",
    "mixins.MixinParticleManager",
    "mixins.MixinPlayerEntity",
    "mixins.MixinRenderTickCounter",
    "mixins.MixinShaderEffect",
    "mixins.MixinShulkerBoxBlock",
    "mixins.MixinSoundSystem",
    "mixins.MixinTotemParticle",
    "mixins.MixinWindow",
    "mixins.MixinWorld",
    "mixins.MixinWorldRenderer",
    "mixins.freelook.CameraMixin",
    "mixins.freelook.EntityMixin",
    "mixins.freelook.GameRendererMixin",
    "mixins.freelook.InGameHudMixin",
    "mixins.MixinDisconnectedScreen",
    "mixins.MixinConnectScreen",
    "mixins.MixinSplashOverlay"
  ],
  "injectors": {
    "defaultRequire": 1
  },
  "mixins": [
    "mixins.AccessorPlayerMoveC2SPacket"
  ]
}
